-- Permissions
-- Permission Mask is in powers of two field until  2^32.


INSERT INTO permission (id, permission_name, mask) VALUES
  (1, 'PERMISSION_SEE_ALL_GROUPS',2),
  (2, 'PERMISSION_SEE_ALL_USERS',4),
  (3, 'PERMISSION_RESET_USER_PASSWORD',8),
  (4, 'PERMISSION_REMOVE_USER',16),
  (5, 'PERMISSION_CREATE_NEW_GROUP',32),
  (6, 'PERMISSION_DELETE_GROUP',64),
  (7, 'PERMISSION_ASSIGN_PERMISSION_TEMPLATE',128),
  (8, 'PERMISSION_SEE_PAID_FOR_GROUPS',256),
  (9, 'PERMISSION_DENOTE_PAID_GROUP',512),
  (10, 'PERMISSION_REVOKE_PAID_GROUP',1024),
  (11, 'PERMISSION_VIEW_ACCOUNT_DETAILS',2048),
  (12, 'PERMISSION_UPDATE_OWN_PROFILE',4096),

  (13, 'GROUP_PERMISSION_UPDATE_GROUP_DETAILS',8192),
  (14, 'GROUP_PERMISSION_CHANGE_PERMISSION_TEMPLATE',16384),
  (15, 'GROUP_PERMISSION_FORCE_PERMISSION_CHANGE',32768),
  (16, 'GROUP_PERMISSION_CREATE_SUBGROUP',65536),
  (17, 'GROUP_PERMISSION_AUTHORIZE_SUBGROUP',131072),
  (18, 'GROUP_PERMISSION_DELEGATE_SUBGROUP_CREATION',262144),
  (19, 'GROUP_PERMISSION_DELINK_SUBGROUP',524288),
  (20, 'GROUP_PERMISSION_ADD_GROUP_MEMBER',1048576),
  (21, 'GROUP_PERMISSION_FORCE_ADD_MEMBER',2097152),
  (22, 'GROUP_PERMISSION_DELETE_GROUP_MEMBER',4194304),
  (23, 'GROUP_PERMISSION_FORCE_DELETE_MEMBER',8388608),
  (24, 'GROUP_PERMISSION_SEE_MEMBER_DETAILS',16777216),
  (25, 'GROUP_PERMISSION_CREATE_GROUP_MEETING',33554432),
  (26, 'GROUP_PERMISSION_VIEW_MEETING_RSVPS',67108864),
  (27, 'GROUP_PERMISSION_CREATE_GROUP_VOTE',134217728),
  (28, 'GROUP_PERMISSION_READ_UPCOMING_EVENTS',268435456)
;
--- MAX MASK MUST BE 2^32
--- Java int MAX 2^31

ALTER TABLE role DROP CONSTRAINT unique_role_name;
INSERT  INTO role(id,role_name,role_type)VALUES
  (1,'ROLE_SYSTEM_ADMIN','STANDARD'),
  (2,'ROLE_ACCOUNT_ADMIN','STANDARD'),
  (3,'ROLE_NEW_USER','STANDARD')
;

INSERT  INTO role_permissions (role_id, permission_id) VALUES
  (1,1),
  (1,2),
  (1,3),
  (1,4),
  (1,5),
  (1,6),
  (1,7),
  (1,8),
  (1,11),
  (1,12),
  (2,5),
  (2,7),
  (2,8),
  (2,9),
  (2,10),
  (2,11),
  (2,12),
  (3,5),
  (3,12)
;



